# Requests;Average;Min;Max;Std. Dev.;Error %;Throughput;Received KB/sec;Sent KB/sec
2000;5622;9;17573;3848.63;0.900%;103.06622;96.48;24.14
2000;5622;9;17573;3848.63;0.900%;103.06622;96.48;24.14
